Date,PM2.5,PM10,NO2,CO,SO2,O3,AQI
01-01-2017,61.25,100.46,39.37,0.25,6.08,69.11,110
02-01-2017,47.21,80.12,52,0.33,20.73,47.61,103
03-01-2017,65.45,132.09,58.68,0.31,22.99,50.37,103
04-01-2017,116.03,197.89,58.2,0.15,37.31,56.42,215
05-01-2017,96.21,162.27,57.6,0,25.88,45.66,276
06-01-2017,75.89,147.99,69.76,0,34.18,36.8,158
07-01-2017,63.83,104.25,37.49,0,7.83,58.44,137
08-01-2017,62.34,100.56,34.38,0,3.21,52.76,102
09-01-2017,51.67,80.46,30.24,0,3.56,60.3,96
10-01-2017,61.42,112.53,36.21,0,6.6,53.49,98
11-01-2017,82.34,168.93,49.71,0,29.68,49.64,163
12-01-2017,115.47,212.64,55.94,0,55.61,51.68,236
13-01-2017,108.41,166.25,49.01,0,16.8,43.54,281
14-01-2017,73.75,114.17,38.15,0,7.78,47.92,183
15-01-2017,81.72,120.38,39.02,0,3.77,42.95,164
16-01-2017,83.39,140.24,52.77,0,21.93,30.43,184
17-01-2017,64.14,116.31,49.49,0,5.32,32.75,133
18-01-2017,54.56,81.16,34.26,0,4.16,58.14,126
19-01-2017,67.09,109.2,38.78,0,3.76,66.33,104
20-01-2017,76.51,135.24,49.29,0,9,55.29,150
21-01-2017,69.51,137.83,63.8,0,7.19,48.08,156
22-01-2017,60.61,111.85,49.44,0,6.68,53.25,113
23-01-2017,83.79,150.97,52.58,0,13.58,53.54,156
24-01-2017,71.49,148.62,50.58,0,12.35,53.29,151
25-01-2017,76.94,144.81,47.79,0,9.19,58.67,149
26-01-2017,64.21,108.56,32.92,0,4.04,75.82,132
27-01-2017,56.14,100.4,41.9,0,7.88,51.86,100
28-01-2017,68.79,131.75,43.74,0,12.09,43.59,115
29-01-2017,85.73,157.28,53.72,0,34.99,49.54,199
30-01-2017,62.96,124.01,60.35,0,19.96,56.94,129
31-01-2017,54.98,115.66,46.64,0,12.33,53.74,110
01-02-2017,44.56,87.45,35.7,0,5.74,74.98,151
02-02-2017,52.36,96.1,37.44,0,3.48,68.59,102
03-02-2017,58.81,109.98,42.23,0,8.29,76.03,113
04-02-2017,68.29,141.85,52.03,0,13.7,82.95,149
05-02-2017,56.73,117.29,45.95,0,11.04,98.75,164
06-02-2017,64.14,136.36,52.4,0,18.17,61.34,118
07-02-2017,93.54,188.21,60.66,0,25.9,42.44,185
08-02-2017,83.13,163.13,51.31,0,17.22,45.33,180
09-02-2017,70.3,134.14,45.89,0,7.48,50.11,161
10-02-2017,64.97,108.1,35.98,0,5.02,67.42,121
11-02-2017,41.77,92.43864353,27.85,0,1.8,64.54,115
12-02-2017,39.67,92.43864353,32.34,0,3.08,47.55,78
14-02-2017,62.32,115.04,35.19,0,10.09,57.4,137
15-02-2017,66.1,129.76,40.94,0.08,10.89,38.79,123
16-02-2017,85.12,173.28,46.28,0.11,23.38,40.55,158
17-02-2017,82.76,203.34,46.37,0.28,29.72,37.61,193
18-02-2017,75.46,197.99,46.97,0.24,33.86,39.71,179
19-02-2017,63.58,163.83,40.25,0.23,27.84,50.72,141
20-02-2017,57.61,157.84,35.93,0.25,22.31,39.94,160
21-02-2017,53.34,144.79,44.31,0.24,25.23,39.26,128
22-02-2017,65.52,167.51,46.93,0.27,20.72,49.52,161
23-02-2017,72,184.43,48.13,0.28,24.77,52.2,164
24-02-2017,68.68,178.16,44.73,0.21,30.71,56.79,183
25-02-2017,80.73,198.07,46.49,0.21,40.3,51.85,165
26-02-2017,64.09,163.99,44.5,0.22,26.83,57.97,165
27-02-2017,55.13,148.99,39.79,0.28,17.65,64.27,179
28-02-2017,69.06,177.21,45.33,0.23,27.21,64.43,197
01-03-2017,63.3,161.94,38.86,0.24,15.45,38.61,166
02-03-2017,57.86,130.83,29.63,0.19,10.31,42.14,147
03-03-2017,28.95,87.02,25.79,0.14,7.43,51.83,142
04-03-2017,32.73,90.8,25.01,0.16,10.15,68.85,116
05-03-2017,31.06,69.14,19.79,0.14,14.85,55.32,102
06-03-2017,42.16,106.15,28,0.17,9.61,50.93,106
07-03-2017,35.62,80.09,17.76,0.14,12.29,55.68,109
08-03-2017,45.6,118.95,28.85,0.13,13.64,57.87,124
09-03-2017,77.14,189.5,45.09,0.2,19.6,47.16,181
10-03-2017,30.97,89.71,24.09,0.12,9.13,42.43,113
11-03-2017,30.33,111.84,33.13,0.11,12.9,43.3,108
12-03-2017,43.8,146.18,41.87,0.16,22.58,44.15,117
13-03-2017,63.7,181.89,42.87,0.21,25.87,52.81,143
14-03-2017,50.64,132.94,37.51,0.16,17.73,50.11,161
15-03-2017,21.27,57.52,18.26,0.11,7.85,41.95,95
16-03-2017,27.44,44.62,24.38,0.11,7.14,42.8,76
17-03-2017,54.73,118.8,45.98,0.16,17.35,39.39,97
18-03-2017,67.57,186,52.24,0.2,21.64,34.77,146
19-03-2017,63.1,216.97,54.07,0.19,24.11,29.02,167
20-03-2017,52.04,186.28,43.35,0.19,24,25.22,144
21-03-2017,61.33,191.22,50.59,0.17,29.93,41.21,145
22-03-2017,60.92,175.69,52,0.17,21.17,68.16,171
23-03-2017,60.33,158.98,48.25,0.23,10.61,64.54,175
24-03-2017,54.59,135.47,42.79,0.17,11.49,64.9,148
25-03-2017,60.55,148.34,41.27,0.19,14.86,63.64,137
26-03-2017,62.45,152.69,38.24,0.17,12.7,65.94,140
27-03-2017,57.61,144.64,39.4,0.16,13.08,66.96,164
28-03-2017,51.42,128.17,38.28,0.16,10.89,57.96,154
29-03-2017,49.28,117.75,33.72,0.16,6.55,57,127
30-03-2017,47.02,122.96,35.07,0.17,8.66,54.3,114
31-03-2017,45.77,119.32,35.7,0.15,8.68,62.1,150
01-04-2017,44.15,117.72,30.98,0.14,6.09,59.95,136
02-04-2017,51.9,144.41,41.35,0.16,8.48,49.08,123
03-04-2017,50.37,125.87,34.02,0.15,7.24,53.76,132
04-04-2017,43.52,105.3,30.44,0.14,10.83,55.87,123
05-04-2017,47.15,98.46,29.71,0.15,7.18,43.12,103
06-04-2017,44.33,118.21,36.95,0.16,9.13,39.14,92
07-04-2017,48.68,119.71,32.91,0.14,9.66,48.79,136
08-04-2017,68.34,186.2,38.38,0.2,16.14,41.4,128
09-04-2017,77.56,193.33,49.22,0.29,14.15,36.76,175
10-04-2017,67.48,184.29,39.61,0.21,17.04,46.58,164
11-04-2017,77.94,235.99,52.07,0.23,30.86,41.49,192
12-04-2017,158.04,485.88,70.52,0.3,70.39,10.79,199
13-04-2017,59.32,161.14,37.36,0.15,18.52,64.29,173
14-04-2017,60.92,155.57,32.52,0.17,16.51,53.34,165
15-04-2017,57.68,161.11,29.2,0.16,15.79,46.79,152
16-04-2017,56.31,172.7,28.75,0.15,14.29,41.88,148
17-04-2017,68.97,221.35,41.41,0.23,23.3,41.35,173
18-04-2017,70.99,219.74,45.1,0.25,22.43,56.8,191
19-04-2017,57.04,157.84,27.79,0.14,9.25,50.43,166
20-04-2017,49.73,155.18,35.29,0.12,15.24,48.24,131
21-04-2017,45.5,146.01,37.88,0.13,15.64,48.44,136
22-04-2017,53.51,173.04,42.5,0.19,19.01,42.89,143
23-04-2017,58.3,187.29,42.34,0.16,23.97,36.37,156
24-04-2017,57.26,195.54,40.89,0.17,19.79,33.12,162
25-04-2017,55.63,186.41,42.61,0.18,27.37,35.6,156
26-04-2017,61.48,178.52,51.82,0.06,19.33,26.72,151
27-04-2017,63.36,195.29,45.42,0.19,22.7,48.36,171
28-04-2017,37.64,90.98,23.58,0.09,5.2,70.21,142
29-04-2017,27.39,97.09,29.07,0.09,10.98,59.6,127
30-04-2017,24.73,71.82,25.71,0.1,11.4,55.85,99
01-05-2017,24.54,68.79,26.4,0.09,11.13,45.05,99
02-05-2017,29.34,70.91,21.73,0.1,5.69,64.01,110
03-05-2017,37.31,85.68,25.09,0.11,4.14,54.45,118
04-05-2017,43.24,111.88,26.06,0.15,8.28,52.6,130
05-05-2017,40.48,113.26,24.97,0.15,8.41,65.03,138
06-05-2017,38.11,89.14,25.56,0.11,11.54,50.37,122
07-05-2017,29.4,80.54,12.86,0.09,6.91,67.42,98
08-05-2017,27.81,82.02,18.72,0.06,10.16,62.99,131
09-05-2017,32.95,91.33,41.36,0.06,10.25,53.25,109
10-05-2017,31.54,71.48,56.78,0.16,5.59,93.07,165
11-05-2017,30.22,66.24,72.96,0.14,3.96,57.35,123
12-05-2017,34.8,77.97,36.6,0.15,4.51,53.61,86
13-05-2017,36.41,94.82,38.77,0.14,5.92,45.63,84
14-05-2017,40.68,101.34,42.42,0.15,4.93,44.74,107
15-05-2017,35.14,80.34,30.94,0.11,6.38,49.94,85
16-05-2017,37.13,108.52,41.07,0.11,9.81,37.77,98
17-05-2017,37.23,102.58,38.74,0.11,8.88,38.04,102
18-05-2017,48.21,159.97,50.64,0.13,11.25,32.17,118
19-05-2017,45.73,153.81,49.46,0.11,12.25,32.93,148
20-05-2017,41.91,143.04,48.49,0.11,10.89,36.62,126
21-05-2017,35.78,119.47,47.98,0.16,10,39.06,131
22-05-2017,38.13,117.36,51.56,0.13,8.43,44.56,115
23-05-2017,49.56,173.1,66.04,0.15,12.73,29.12,130
24-05-2017,57.16,177.19,70.75,0.17,9.6,30.25,156
25-05-2017,39.09,115.26,45.01,0.09,4.46,47.08,127
26-05-2017,43.73,135.42,47.81,0.1,7.28,45.06,119
27-05-2017,26.99,79.38,30.37,0.07,4.17,43.41,103
28-05-2017,26.35,79.05,35.91,0.09,6.47,53.11,93
29-05-2017,19.02,78.46,42.99,0.06,5.75,41.03,76
30-05-2017,17.31,78.58,46.38,0.06,10.87,36.63,82
31-05-2017,11.35,45.33,22.84,0.05,2.78,45.72,80
01-06-2017,10.04,35.01,25.83,0.06,1.66,48.75,79
02-06-2017,13.75,45.45,22.7,0.07,3.03,57.96,109
03-06-2017,13.78,42.98,19.42,0.07,2.33,53.33,103
04-06-2017,14.36,40.42,24.08,0.08,4.09,46.26,84
05-06-2017,16.11,54.35,19.2,0.07,6,54.74,106
06-06-2017,17.77,57.12,21.89,0.09,4.06,54.65,97
07-06-2017,12.3,31.28,11.7,0.07,3.66,48.45,74
08-06-2017,11.78,27.93,19.22,0.08,2.68,36.3,67
09-06-2017,17.05,39.07,20.03,0.08,5.5,33.48,69
10-06-2017,7.84,21.21,15.62,0.1,3.68,36.93,68
11-06-2017,7.85,18.39,15.56,0.09,2.04,27.75,61
12-06-2017,5.56,11.67,8.47,0.07,3.57,27.08,50
13-06-2017,6.92,16.59,17.19,0.13,4.03,42.25,63
14-06-2017,19.65,42.88,16.5,0.25,3.87,54.73,84
15-06-2017,13.54,30.33,18.12,0.21,3.98,48.18,75
16-06-2017,9.71,21.19,14.66,0.19,3.1,50.2,72
17-06-2017,13.07,35.43,16.86,0.23,4.67,52.04,94
18-06-2017,12.88,33.71,15.24,0.17,4.33,54.45,86
19-06-2017,7.61,18.66,11.6,0.17,3.95,40.17,82
20-06-2017,7.38,23.73,12.26,0.14,3.67,39.37,83
21-06-2017,8.66,29.59,14.39,0.14,11.12,37.42,70
22-06-2017,11.4,39.16,18,0.16,4.17,27.54,59
23-06-2017,11.48,37.59,15.64,0.18,5.22,29.81,67
24-06-2017,10.85,39.43,11.31,0.16,5.26,34.33,63
25-06-2017,11.81,37.65,13.1,0.15,5.17,35.59,60
26-06-2017,11.79,38.79,10.8,0.14,5.22,33.43,63
27-06-2017,11.82,36.34,11.63,0.09,5.31,31.88,53
28-06-2017,8.84,29.13,14.13,0.09,13.04,31.16,60
29-06-2017,10.38,39.46,12.42,0.18,5.66,32.42,62
30-06-2017,13.08,53.54,11.15,0.14,5.22,33.21,61
01-07-2017,10.98,42.56,12.28,0.14,3.86,32.5,63
02-07-2017,9.75,37.86,11.87,0.13,6.13,31.55,66
03-07-2017,11.8,46.69,13.33,0.17,6.91,32.11,66
04-07-2017,15.53,48.65,13.28,0.15,13.54,29.3,57
05-07-2017,10.4,37,12.88,0.16,13.72,30.35,58
06-07-2017,14.66,45.03,14.12,0.18,7.07,29.56,57
07-07-2017,14.77,43.48,16.09,0.17,5.99,30.48,63
08-07-2017,18.19,55.27,15.37,0.15,6.05,34.11,66
09-07-2017,18.1,47.47,14.82,0.16,6.71,32.87,61
10-07-2017,15,39.94,17.03,0.19,7.42,29.39,60
11-07-2017,19.31,59.13,16.31,0.16,6.56,26.9,60
12-07-2017,14.29,47.25,15.3,0.15,5.86,29.41,66
13-07-2017,14.49,42.92,12.53,0.17,5.98,28.55,58
14-07-2017,13.9,35.06,13.56,0.14,5.01,27.6,53
15-07-2017,16.53,63.46,11.48,0.14,6.85,29.24,74
16-07-2017,10.24,34.05,8.45,0.17,6.48,34.63,86
17-07-2017,10.78,27.38,12.06,0.16,4.3,31.84,93
18-07-2017,8.48,18.17,10.62,0.15,2.97,26.27,47
19-07-2017,5.72,14.48,12.4,0.15,3.27,25,46
20-07-2017,6.54,16.81,9.5,0.14,3.09,26.17,48
21-07-2017,10.83,34.66,9.71,0.15,4.23,28.25,50
22-07-2017,13.37,53.26,10.08,0.15,5.05,29.49,55
23-07-2017,15.97,66.76,11.72,0.15,2.96,31.42,71
24-07-2017,15.62,52.3,12.84,0.15,4.5,29.9,65
25-07-2017,14.04,56.61,10.9,0.17,4.66,25.83,55
26-07-2017,16.55,61.4,12.98,0.18,4.65,28.42,62
27-07-2017,14.43,49,13.97,0.16,6.12,28.62,60
28-07-2017,12.62,41.75,14.04,0.17,3.6,26.67,56
29-07-2017,15.28,47.66,14.93,0.17,4.23,29.08,55
30-07-2017,17.5,60.16,16.64,0.2,5.83,27.97,63
31-07-2017,17.42,57.47,18.87,0.21,5.04,28.83,69
01-08-2017,16.85,49.6,17,0.21,5.57,27.81,60
02-08-2017,16.78,54.83,13.74,0.2,10.67,26.03,61
03-08-2017,11.79,34.3,10.34,0.17,5.77,22.38,51
04-08-2017,13.35,44.95,18.12,0.17,5.55,24.55,49
05-08-2017,20.34,64.87,20.12,0.18,6.57,27.34,67
06-08-2017,23.03,80.57,22.47,0.17,14.85,28.27,75
07-08-2017,26.22,81.09,21.64,0.23,4.69,25.05,90
08-08-2017,24.87,68.32,19.65,0.22,6.76,24.75,83
09-08-2017,20.47,43.45,16.75,0.27,3.85,25.82,80
10-08-2017,14.91,32.93,11.51,0.19,5.41,23.33,71
11-08-2017,17.76,44.97,15.61,0.24,6.22,32.72,65
12-08-2017,15.1,36.13,14.19,0.25,5.1,32.06,67
13-08-2017,17.08,37.86,15.64,0.22,4.33,26.67,55
14-08-2017,20.36,40.24,14.29,0.23,5.62,29.5,60
15-08-2017,16.4,44.14,13.37,0.22,5.23,28.81,58
16-08-2017,20.12,56.17,12.73,0.18,4.97,32.41,63
17-08-2017,21.77,76.01,15.13,0.17,5.32,32.76,70
18-08-2017,26.6,80.23,16.09,0.17,4.95,29.62,85
19-08-2017,17.35,36.53,11.78,0.12,4.84,32.33,65
20-08-2017,7.42,10.54,8.85,0.15,4.18,37.5,59
21-08-2017,10.89,26.2,11.31,0.16,4.88,38.36,62
22-08-2017,12.56,37.28,15.13,0.19,6.04,31.68,60
23-08-2017,15.41,54.16,16.07,0.16,5.01,31.8,62
24-08-2017,23.63,60.91,17.43,0.21,4.59,31.39,72
25-08-2017,13.53,32.41,11.42,0.18,3.8,33.12,72
26-08-2017,11.58,21.88,9.53,0.12,3.99,31.66,55
27-08-2017,13.1,22.77,10.5,0.17,4.87,30.92,52
28-08-2017,8.26,12.31,9.12,0.17,4.25,31.84,56
29-08-2017,6.57,11.4,9.26,0.12,4.4,35.24,56
30-08-2017,12.26,33.08,10.14,0.17,4.36,32.5,56
31-08-2017,14.63,49.77,13.14,0.21,12.8,30.67,60
01-09-2017,19.92,63.66,14.34,0.23,5.16,35.74,71
02-09-2017,24.42,75.72,16.47,0.22,13.58,32.11,87
03-09-2017,12.96,37.21,12,0.17,6.44,33.41,64
04-09-2017,17.26,49.36,16.95,0.21,4.92,33.5,59
05-09-2017,19.86,62.12,14.47,0.18,5.04,41.28,79
06-09-2017,29.32,70.96,19.22,0.19,4.97,24.76,86
07-09-2017,40.82,80.64,19.8,0.21,5.23,32.88,82
08-09-2017,32.63,58.94,19.17,0.18,4.57,39.66,74
09-09-2017,32.88,57.8,15.23,0.19,5.02,41.62,72
10-09-2017,18.58,41.91,15.66,0.09,3.32,31.82,60
11-09-2017,12.34,30.25,15.36,0.21,4.19,32.15,51
12-09-2017,10.33,27.36,15.27,0.11,4.17,33.02,55
13-09-2017,17.29,36.34,17.06,0.07,5.03,30.88,55
14-09-2017,10.44,17.55,15.62,0.05,5.09,34.13,60
15-09-2017,12.64,27.69,15.22,0.06,4.68,38,56
16-09-2017,10.27,19.92,13.77,0.06,13.08,34.23,56
17-09-2017,15.67,27.18,12.72,0.04,3.3,31.75,39
18-09-2017,9.17,16.29,10.48,0.04,4.37,34.2,53
19-09-2017,10.28,19.23,10.5,0.05,4.24,38.84,54
20-09-2017,9.76,24.64,10.86,0.05,5.12,41.74,57
21-09-2017,14.88,28.99,11.41,0.05,4.06,37.47,59
22-09-2017,20.5,35.75,15.36,0.03,4.59,36.6,58
23-09-2017,29.61,63.17,17.97,0,5.13,30.97,54
24-09-2017,42,108.57,19.98,0,5.99,29.73,95
25-09-2017,39.68,87.46,20.38,0,5.73,29.35,99
26-09-2017,45.69,98.84,20.98,0,7.2,29.15,80
27-09-2017,50.36,108.16,23.27,0,6.41,28.45,107
28-09-2017,45.9,74.16,20.69,0,5.29,28.01,98
29-09-2017,41.57,58.36,18.5,0,4.87,31.95,74
30-09-2017,41.26,61.2,17.45,0,5.4,34.25,70
01-10-2017,31.08,50.52,11.81,0.26,5.12,29.4,110
03-10-2017,24.16,36.84,18.96,0.34,6.88,34.69,53
04-10-2017,49.75,77.06,22.44,0.66,10.46,39.92,102
05-10-2017,55.88,89.52,22.79,0.33,8.94,43.05,164
06-10-2017,28.48,54.04,19.44,0.21,5.7,32.82,102
07-10-2017,22.6,46.38,24.12,0.57,7.36,43.87,94
08-10-2017,32.08,42.02,24.14,0.29,19.21,36.8,100
09-10-2017,25.79,41.72,17.7,0.36,4.24,41.5,111
10-10-2017,28.04,46.53,24.18,0.1,8.63,70.62,103
11-10-2017,27.38,51.78,25.01,0.19,4.3,43.76,113
12-10-2017,41.74,69.1,26.83,0.11,4.2,54.35,102
13-10-2017,20.48,39.46,19.29,0.08,2.36,79.99,147
14-10-2017,33.32,60.37,25.1,0.1,2.46,63.15,123
15-10-2017,35.59,61.1,22.1,0.06,4.4,57.62,97
17-10-2017,72.18,133.53,36.5,0.15,11.19,67.21,154
18-10-2017,69.53,137.82,34.49,0.12,4.82,56.47,150
19-10-2017,75.46,144.81,30.6,0.31,5.43,57.92,151
20-10-2017,78.69,112.82,20.04,0.06,2.02,84.66,247
21-10-2017,67.18,105.44,18.74,0.1,10.49,81.47,141
22-10-2017,65.39,98.82,17.27,0.07,3.29,68.38,121
23-10-2017,53.78,83.34,21.46,0.19,5.28,53.28,113
24-10-2017,63.35,97.66,24.35,0.06,5.02,40.66,111
29-10-2017,70.46,147.82,25.47,0.12,7.7,58.83,145
30-10-2017,41.57302362,92.43864353,32.10652756,0,8.652181102,34.63283465,130
31-10-2017,63.38,141.15,43.37,0.79,16.79,53.67,128
01-11-2017,68.21,149.12,46.37,1.19,14.94,58.62,150
02-11-2017,69.73,141.02,37.68,1.06,17.59,63.67,156
03-11-2017,66.51,126.96,37.44,1.04,20.33,55.23,158
04-11-2017,49.62,97.93,35.86,0.58,13.5,51.23,114
05-11-2017,32.45,68.47,31.18,0.52,13.78,47.67,91
06-11-2017,29.33,67.08,39.1,0.58,15.11,43.64,80
07-11-2017,34.96,81.64,43.63,0.68,11.95,43.46,94
08-11-2017,38.84,82.74,40.59,0.57,17.4,54.87,105
09-11-2017,39.57,84.55,39.12,0.59,16.53,50.7,95
10-11-2017,44.44,83.57,35.39,0.59,22.05,55.83,100
11-11-2017,61.84,115.98,42.21,0.63,27.55,71.54,123
12-11-2017,57.58,109.26,42.84,0.74,21.15,53.74,123
13-11-2017,55.36,107.88,37.83,0.74,17.25,59.62,111
14-11-2017,58.41,118.47,39.01,0.83,20.01,44.16,111
15-11-2017,51.08,100.21,36.07,0.68,16.76,48.8,104
16-11-2017,41.31,82.13,34.29,0.58,13.31,43.11,92
17-11-2017,37.72,80.34,33.87,0.61,14.81,37.36,82
18-11-2017,66.82,71.59,32.58,0.65,11.42,37.79,106
19-11-2017,36.53,77.41,34.18,0.72,10.46,39.81,112
20-11-2017,43.64,89.51,36.84,0.82,10.05,42.8,86
21-11-2017,44.65,87.99,39.07,0.81,8.34,40.93,106
22-11-2017,40.48,75.97,32.25,0.7,14.21,51,102
23-11-2017,96.83,88.36,37.91,0.76,18.61,39.92,133
24-11-2017,69.5,125.61,35.4,0.76,12.78,60.26,149
25-11-2017,70.91,133.01,37.5,0.71,13.35,68.38,140
26-11-2017,84.08,137.59,50.36,0.9,10.47,52.91,147
27-11-2017,73.25,145.39,52.99,0.86,15.16,55.76,166
28-11-2017,91.39,144.06,54.18,0.9,16.7,56.56,171
29-11-2017,66.49,122.5,45.7,0.81,15,67.32,164
30-11-2017,64.72,121.51,45.03,0.82,14.09,60.26,140
01-12-2017,70.03,128.64,37.15,0.8,14.25,59.62,139
02-12-2017,69.44,123.66,35.14,0.76,10.97,65.3,135
03-12-2017,70.83,125.86,38.05,0.8,9.54,63.84,140
04-12-2017,70.47,119.15,37.31,0.78,12.21,67.63,144
05-12-2017,58.07,96.64,29.67,0.7,13.2,60.14,128
06-12-2017,51.81,85.9,30.32,0.72,13.15,48.64,100
07-12-2017,69.33,127.59,40.86,0.91,16.11,48.33,122
08-12-2017,74.79,153.15,39.18,0.8,24.61,61.72,145
09-12-2017,67.7,149.05,38.26,0.77,19.03,59.43,142
10-12-2017,48.99,108.63,37.26,0.69,22.76,39.78,120
11-12-2017,55.7,117.26,48.48,1.05,22.48,44.73,117
12-12-2017,66.78,140.38,62.23,1.19,12.94,54.6,144
13-12-2017,69.33,136.56,50.13,1,8.51,48.7,143
14-12-2017,66.12,120.92,39.48,0.92,7.88,48.56,132
15-12-2017,68.48,119.88,38.85,0.77,7.52,42.62,126
16-12-2017,68.87,131.11,48.12,0.88,8.56,42.31,133
17-12-2017,71.38,142.76,47.26,0.8,12.3,46.91,136
18-12-2017,73.33,143.78,37.36,0.59,22.04,56.42,140
19-12-2017,59.35,130.67,49.48,0.7,24.06,45.37,138
20-12-2017,88.14,152.17,67.71,1.33,21.88,43,151
21-12-2017,74.94,148.17,68.63,1.4,16.67,51.64,164
22-12-2017,130.23,162,73.32,1.4,16.21,50.01,195
23-12-2017,82.05,170.76,65.66,1.26,15.01,57.5,180
24-12-2017,79.19,156.46,63.74,1.14,10.11,47.69,169
25-12-2017,76.47,144.94,56.9,1.13,8.51,38.5,163
26-12-2017,76.08,151.9,53.18,0.87,18.35,53.45,164
27-12-2017,63.18,129.4,55.68,0.85,16.26,47.38,136
28-12-2017,68.65,139.18,60.71,0.93,14.18,47.22,132
29-12-2017,112.35,152.12,67.12,1.09,10.66,49.58,184
30-12-2017,65.09,132.99,67.32,1.1,9.62,41.64,156
31-12-2017,68.45,126.76,62.26,1.02,8.17,39.55,138
01-01-2018,57.7,119.64,54.46,0.99,11.25,38.93,122
02-01-2018,68.55,135.87,51.51,0.92,9.44,51.26,126
03-01-2018,77.77,149.51,46.8,0.83,10.52,56.84,163
04-01-2018,79.18,164.76,60.89,1,17.34,58.03,174
05-01-2018,76.33,160.28,63.88,1.05,15.67,52.74,164
06-01-2018,73.15,150.95,63.11,1.1,12.81,47.04,158
07-01-2018,72.41,144.54,55.39,1.03,11.62,50.17,146
08-01-2018,72.66,141.46,51.85,0.98,9.28,52.61,146
09-01-2018,77.65,160.44,53.96,0.95,10.51,57.35,160
10-01-2018,74.08,158.74,53.36,1.03,12.71,56.34,165
11-01-2018,76.19,162.88,59.3,1.04,17.13,55.98,160
12-01-2018,74.76,159.96,64.97,1.09,17.29,52.03,155
13-01-2018,70.48,157,59.98,1.19,20.89,49.6,150
14-01-2018,72.38,141.02,54.79,1.16,13.76,48.64,140
15-01-2018,70.98,115.26,37.89,0.83,7.43,50.02,143
16-01-2018,65.1,126.51,39.7,0.92,9.12,43.58,132
17-01-2018,64.2,128.06,45.06,0.87,10.5,45.85,125
18-01-2018,65.86,141.85,55.84,0.99,13.02,37.53,129
19-01-2018,61.1,139.54,56.03,0.9,17.29,38.71,129
20-01-2018,64.18,143.85,60.93,1,23.32,45.46,131
21-01-2018,68.52,140.77,56.67,0.95,13.76,44.16,133
22-01-2018,72.01,142.1,50.74,0.89,9.28,52.29,142
23-01-2018,60.4,117.57,46.04,0.71,6.93,47.74,125
24-01-2018,67.07,131.41,42.71,0.71,9.52,45.11,121
25-01-2018,68.8,155.17,54.52,0.89,16.47,45.4,139
26-01-2018,66.84,155.11,56.49,0.91,19.6,52.7,146
27-01-2018,69.43,156.79,55.38,1.45,13.62,52.9,167
28-01-2018,68.84,145.17,49.3,0.85,9.02,48.76,138
29-01-2018,67.69,149.79,46.08,0.84,8.69,50.19,140
30-01-2018,59.46,152.71,51.91,0.68,16.9,51.92,137
31-01-2018,53.45,141.76,59.99,1,20.33,40.67,130
01-02-2018,50.88,129.95,67.8,1.1,22.37,36.26,129
02-02-2018,47.46,120.39,68.01,0.99,16.85,36.32,125
03-02-2018,43.48,115.8,53.31,0.8,9.51,50.3,114
04-02-2018,39.14,105.44,41.49,0.73,9.46,54.21,104
05-02-2018,41.79,112.02,43.96,0.73,8.16,56.47,111
06-02-2018,48.86,124.69,58.09,0.86,9.68,36.51,111
07-02-2018,56.76,135.34,72.8,0.99,13.6,39.53,125
08-02-2018,46.18,105.04,59.37,0.84,13.52,34.55,114
09-02-2018,50.05,116.97,55.81,0.87,13.92,35.92,108
10-02-2018,52.28,119.66,53.5,0.82,13.07,29.39,113
11-02-2018,50.55,88.76,28.9,0.6,8.55,34.88,100
12-02-2018,54.34,87.6,20.55,0.61,6.61,38.74,102
13-02-2018,46.38,85.63,31.98,0.61,6.53,44.34,94
14-02-2018,50.52,100.95,44.77,0.76,8.3,46.28,100
15-02-2018,52.88,118.54,48.93,0.84,12.88,46.88,113
16-02-2018,51.84,116.94,51.24,0.81,17.02,41.68,110
17-02-2018,49.86,121.32,60.23,0.92,20.36,39.46,108
18-02-2018,55.87,126.08,58.63,1.02,10.27,47.42,116
19-02-2018,46.22,112.55,44.16,0.77,7.39,53.02,111
20-02-2018,47.64,101.62,41.75,0.74,6.36,50.85,103
21-02-2018,54.76,118.2,46.91,0.85,7.37,47.88,107
22-02-2018,57.85,131.06,49.21,0.88,8.69,46.5,114
23-02-2018,56.99,125.93,48,0.85,8.18,48.94,123
24-02-2018,43.57,112.47,43.62,0.7,8.22,45.22,106
25-02-2018,43.37,105.66,51.65,0.76,7.54,33.06,104
26-02-2018,56.87,119.73,65.82,1.09,9.89,40.48,118
27-02-2018,57.66,123.59,67.65,1.16,14.95,40.86,134
28-02-2018,62.25,139.53,70.43,1.3,12.91,41.99,129
01-03-2018,54.84,127.04,65.26,1.12,11.14,37.91,124
02-03-2018,52.72,120.49,56.01,1.06,10.18,43.91,118
03-03-2018,51.59,122,45.04,0.88,9.79,53.05,119
04-03-2018,54.72,116.74,49.19,0.94,9.17,50.33,122
05-03-2018,47.44,111.76,45.37,0.89,8.88,48.64,114
06-03-2018,47.97,104.93,38.91,0.74,9.83,56.45,106
07-03-2018,50.78,101.89,43.04,0.79,7.58,53.66,108
08-03-2018,53.81,114.59,49.93,0.92,7.22,45.08,107
09-03-2018,57.28,120.43,52.67,0.96,6.03,45.57,118
10-03-2018,66.37,133.3,49.74,1.02,7.24,50.9,122
11-03-2018,53.02,108.18,35.56,0.79,6.94,57.23,124
12-03-2018,38.87,96.19,40.44,0.67,5.14,44.39,95
13-03-2018,39.69,87.82,41.84,0.71,5.62,42.72,88
14-03-2018,47.34,101.24,45.05,0.85,7.43,49.57,103
15-03-2018,47.88,103.11,37.4,0.77,8.79,48.41,96
16-03-2018,60.25,134.44,39.37,0.86,14.59,43.99,115
17-03-2018,51,78.33,33.36,0.76,5.86,47.12,105
18-03-2018,41.38,71.63,32.85,0.7,4.84,37.7,80
19-03-2018,48.07,92.55,41.03,0.83,5.87,48.04,93
20-03-2018,54.74,102.17,47.03,0.87,7.01,47.14,103
21-03-2018,57.87,118.46,45.49,0.89,11.32,45.92,108
22-03-2018,57.07,139.34,52.52,0.86,13.35,32.33,126
23-03-2018,56.64,146.7,58.35,1.01,16.25,36.12,128
24-03-2018,59.91,149.81,63.27,1.05,16.63,39.62,131
25-03-2018,71.4,150.7,49.1,0.98,10.47,43.09,135
26-03-2018,61.47,126.86,39.51,0.84,7.69,44.76,126
27-03-2018,59.53,124.78,44.63,0.79,9.57,50.92,123
28-03-2018,53.11,113.07,40.84,0.75,9.65,51.24,116
29-03-2018,62.27,135.91,48.19,0.91,9.33,48.28,122
30-03-2018,54.62,114.81,40.32,0.81,7.54,45.56,120
31-03-2018,50.15,112.36,41.99,0.83,7.47,49.61,110
01-04-2018,43.05,89.8,31.47,0.63,5.79,48.2,103
02-04-2018,37.91,75.96,38.98,0.72,5.28,44,84
03-04-2018,51.35,97.31,40.96,0.78,5.64,41,99
04-04-2018,44.94,91.88,39.39,0.72,5.82,50.85,101
05-04-2018,41.51,86.82,36.55,0.67,4.72,43.49,92
06-04-2018,46.87,103.01,42.39,0.74,5.68,46.02,98
07-04-2018,35.9,79.03,50.76,0.76,9.13,49,93
08-04-2018,30.27,61.55,35.94,0.67,5.05,44.24,85
09-04-2018,40.26,91.86,41.16,0.71,6.94,47.22,95
10-04-2018,35.54,97.46,38.69,0.79,6.42,37.75,98
11-04-2018,27.63,72.09,31.01,0.68,6.12,31.17,88
12-04-2018,31.58,79.04,42.54,0.67,7.29,38.29,83
13-04-2018,25.24,66.21,33.9,0.56,5.19,38.8,83
14-04-2018,23.05,58.22,30.02,0.69,4.9,40.13,79
15-04-2018,29.71,63.54,31.86,0.83,5.47,27.82,73
16-04-2018,45.86,103.38,45.36,0.9,8.34,36.09,100
17-04-2018,34.29,90.45,38.79,0.72,5.64,41.82,99
18-04-2018,37.19,92.25,35.18,0.61,9.98,45.82,93
19-04-2018,43.52,118.3,44.05,0.77,10.51,39.18,108
20-04-2018,42.38,120.61,44.88,0.86,9.2,37.27,117
21-04-2018,49.14,139.55,51.13,0.9,10.1,31.15,122
22-04-2018,42.97,110.65,39.3,0.75,7.55,43.31,117
23-04-2018,33.12,80.06,28.02,0.56,6.52,49.31,90
24-04-2018,33.09,95.19,35.48,0.54,6.92,51.74,90
25-04-2018,35.61,86.24,29.59,0.6,6.07,53.56,104
26-04-2018,38.11,92.67,35.66,0.62,6.99,52.61,94
27-04-2018,39.78,99.47,35.85,0.68,7.12,52.49,101
28-04-2018,39.85,86.22,30.66,0.52,6.84,46.38,94
29-04-2018,43.44,95.6,30.99,0.59,7.72,49.28,102
30-04-2018,44.84,106.84,39.52,0.7,9.74,44.31,103
01-05-2018,43.83,133.09,32.08,0.57,7.94,45.47,116
02-05-2018,36.08,95.82,31.21,0.7,5.92,48.88,101
03-05-2018,31.39,86.12,27.73,0.56,5.45,48.87,98
04-05-2018,19.59,48.18,31.67,0.62,6.1,50.95,81
05-05-2018,28.81,68.37,30.11,0.6,5.94,51.31,74
06-05-2018,31.91,81.65,28.95,0.58,6.47,47.6,83
07-05-2018,33.68,93.43,28.72,0.58,6.91,51.78,93
08-05-2018,43.05,110.15,43.5,0.97,7.8,46.9,111
09-05-2018,44.32,101.87,37.73,0.67,6.11,43.87,112
10-05-2018,33.83,74.91,31.53,0.63,5.28,45.59,101
11-05-2018,32.76,80.97,31.48,0.66,6.44,50.78,95
12-05-2018,33.05,81.54,31.04,0.64,5.79,50.32,96
13-05-2018,31.85,76.51,32.48,0.74,6.11,61.46,101
14-05-2018,29.86,67.84,26.02,0.64,5.38,56.79,100
15-05-2018,24.49,46.54,24.04,0.68,4.84,51.51,87
16-05-2018,41.89,90.88,33.42,0.78,8.26,48.44,85
17-05-2018,43.47,103.29,41.31,0.9,9.18,39.03,106
18-05-2018,37.31,88.67,35.51,0.62,6.93,45.12,89
19-05-2018,47.42,136.63,37.25,0.69,8.04,46.38,103
20-05-2018,38.59,106.87,29.22,0.62,6.25,62.1,117
21-05-2018,48.33,137.04,32.24,0.91,6.97,59.66,132
22-05-2018,42.68,108.84,27.06,0.69,7.04,56.37,120
23-05-2018,47.5,122.16,33.71,0.83,6.22,52.86,110
24-05-2018,36.41,93.09,32.39,0.78,6.42,47.17,104
25-05-2018,42.17,108.46,31.54,0.76,6.99,55.12,119
26-05-2018,23.65,67.93,25.79,0.69,4.39,36.5,91
27-05-2018,26.11,69.28,26.65,0.78,6.26,49.07,83
28-05-2018,31.17,76.56,25.45,0.72,5.77,45.6,87
29-05-2018,34.68,91.62,28.48,0.64,6.41,46.07,84
30-05-2018,31.7,80.59,26.77,0.58,6.53,44.57,89
31-05-2018,32.57,83.68,25.25,0.83,5.81,45.54,93
01-06-2018,37.26,77.09,31.53,0.64,6.76,52.89,110
02-06-2018,36.7,63.45,35.45,0.77,6.87,35.35,82
03-06-2018,34.85,73.89,29.14,0.62,7.11,44.34,83
04-06-2018,30.95,64.8,26.22,0.56,7.1,57.7,89
05-06-2018,31.51,67.42,30.16,0.62,7.18,48.4,83
06-06-2018,31.33,62.83,29.59,0.64,7.06,47.76,84
07-06-2018,19.68,25.82,22.53,0.61,5.17,47.94,69
08-06-2018,19.43,33.87,22.16,0.71,6.1,40.15,68
09-06-2018,20.03,42.57,22.16,0.68,6.84,33.8,64
10-06-2018,16.49,32.8,20.62,0.64,7.35,22.52,52
11-06-2018,22.31,55.94,23.24,0.66,8.45,18.82,53
12-06-2018,29.92,88.06,23.7,0.66,10.11,17.16,70
13-06-2018,30.85,89.47,21.31,0.6,7.58,19.6,84
14-06-2018,34.44,92.58,23.31,0.54,8.26,17.53,86
15-06-2018,27.83,86.25,20.05,0.57,9.66,20.79,86
16-06-2018,22.9,63.65,20.48,0.6,8.96,22,67
17-06-2018,21.99,66.18,20.32,0.57,9.83,19.71,67
18-06-2018,17.2,48.97,20.17,0.58,8.6,19.88,59
19-06-2018,14.61,29.85,18.2,0.53,6.94,23.9,50
20-06-2018,15.27,26.79,21.39,0.44,6.5,27.49,58
21-06-2018,10.31,33.35,22.02,0.46,6.21,27.79,52
22-06-2018,21.26,45.55,28.03,0.49,6.19,25.78,56
23-06-2018,20.07,34.46,23.78,0.36,6.35,23.59,56
24-06-2018,16.99,37.87,20.56,0.23,6.42,19.13,41
25-06-2018,16.31,41.38,20.7,0.27,6.36,17.31,41
26-06-2018,16.23,41.54,23.21,0.26,5.93,17.5,41
27-06-2018,17.64,46.04,28.07,0.26,4.6,15.07,44
28-06-2018,18.93,50.36,24.39,0.28,5.05,17.65,46
29-06-2018,18.18,57.2,22.68,0.3,5.38,23.37,65
30-06-2018,20.85,57.03,26.4,0.33,6.64,22,62
01-07-2018,16.91,39.49,27.03,0.3,7.1,25.21,60
02-07-2018,16.48,42.25,24.21,0.24,5.74,23.96,53
03-07-2018,16.28,41.16,23.43,0.26,5.56,22.53,59
04-07-2018,15.97,58.87,22.07,0.35,5.95,21.98,71
05-07-2018,13.22,40.07,22.74,0.25,6.07,20.08,68
06-07-2018,20.05,48.6,26,0.3,5.06,18.73,49
07-07-2018,22.74,51.43,27.25,0.34,5.19,18.53,59
08-07-2018,19.92,45.9,25.11,0.28,5.61,20.17,62
09-07-2018,16.63,36.37,23.21,0.22,5.45,18.43,44
10-07-2018,19.7,44.03,21.7,0.25,5.47,16.26,48
11-07-2018,19.05,45.74,23.04,0.3,4.83,19.91,54
12-07-2018,11.93,16.09,22.14,0.25,4.96,20.46,49
13-07-2018,13.21,26.26,20.22,0.27,6.21,15.7,37
14-07-2018,17.97,40.97,26.02,0.28,6.88,15.88,42
15-07-2018,16.12,39.28,25.58,0.31,6.66,21.52,58
16-07-2018,11.04,20,21.19,0.37,8.75,16.13,72
17-07-2018,12.14,26.59,20.54,0.26,6.46,14.86,38
18-07-2018,14.13,36.01,22.64,0.27,6.95,13.58,33
19-07-2018,14.39,38.34,21.97,0.26,7.32,14.75,45
20-07-2018,12.58,32.59,22.18,0.31,9.52,13.12,37
21-07-2018,19.61,51.45,23.18,0.3,9.11,15.35,41
22-07-2018,19.54,54.49,22.42,0.28,9.22,14.36,55
23-07-2018,17.69,53.6,21.69,0.26,7.41,15.37,49
24-07-2018,15.64,44.78,21.03,0.32,5.87,15.58,54
25-07-2018,17.88,53.74,20.4,0.26,6.55,16.66,52
26-07-2018,14.41,42.62,20.64,0.29,7.06,16.19,54
27-07-2018,14.52,43.56,24.38,0.27,6.46,17.72,54
28-07-2018,18.23,55.98,22.38,0.28,6.09,18.44,53
29-07-2018,26.09,74.2,28.86,0.38,7.2,16.26,72
30-07-2018,26.02,84.97,25.61,0.32,6.79,17.7,87
31-07-2018,19.21,66.84,25.13,0.27,6.8,17.22,73
01-08-2018,21.88,75.6,25.54,0.28,6.2,16.38,72
02-08-2018,25.77,76.03,27.27,0.36,6.61,13.63,72
03-08-2018,30.8,101.48,28.85,0.31,7.02,15.42,92
04-08-2018,23.43,76.16,25.39,0.28,6.63,16.46,90
05-08-2018,20.2,55.76,27.06,0.31,6.37,16.05,66
06-08-2018,26.91,71.45,23.75,0.29,7.05,16.55,72
07-08-2018,18.92,55.72,24.24,0.3,8.15,13.97,54
08-08-2018,16.17,46.48,24.82,0.28,7.42,13.81,53
09-08-2018,18.07,37.67,27.7,0.36,5.9,12.64,49
10-08-2018,17.09,41.09,24.89,0.31,6.07,14.98,48
11-08-2018,16.39,29.84,24.46,0.28,6.09,11.86,43
12-08-2018,11.98,28.35,18.71,0.31,6.15,14.52,47
13-08-2018,11.66,24.68,17.79,0.32,6.65,13.69,42
14-08-2018,16.97,46.65,27.16,0.31,7.29,10.2,41
15-08-2018,22.11,68.81,17.62,0.35,10.13,11.99,65
16-08-2018,7.78,10.87,19.87,0.3,5.69,15.01,40
17-08-2018,18.56,46.57,20.71,0.3,7.17,18.05,35
18-08-2018,15.3,41.14,17.73,0.29,8,18.6,44
19-08-2018,15.28,34.82,24.8,0.32,6.84,15.02,48
20-08-2018,13.19,31.47,21.95,0.27,5.98,14.53,47
21-08-2018,10.08,23.02,19.61,0.25,6.73,14.24,34
22-08-2018,10.33,29.62,22.71,0.29,8.08,13.14,39
23-08-2018,12.51,38.94,23.7,0.29,8.73,11.2,40
24-08-2018,14.36,56.52,24.14,0.31,8.55,12.62,48
25-08-2018,15.34,55.37,25.68,0.29,7.55,12.26,52
26-08-2018,14.61,45.18,24.79,0.27,7.85,11.18,50
27-08-2018,15.31,40.27,27.1,0.3,7.61,9.29,48
28-08-2018,16.51,45.72,27.6,0.28,6.97,12.08,48
29-08-2018,20.98,64.42,26.87,0.29,8.39,15.33,53
30-08-2018,24.66,82.96,26.52,0.29,8.85,18.68,68
31-08-2018,22.43,75.11,27.25,0.3,7.13,15.88,77
01-09-2018,23.16,71.26,26.37,0.31,8.74,15.43,70
02-09-2018,18.51,47.92,25.86,0.34,6.4,14.04,50
03-09-2018,15.84,39.37,23.73,0.34,7.13,13.7,48
04-09-2018,20.36,66.88,25.6,0.31,7.74,13.86,50
05-09-2018,27.05,87.39,26.36,0.38,8.05,14.3,72
06-09-2018,25.36,83.21,26.76,0.31,7.84,14.29,76
07-09-2018,25.42,79.97,22.74,0.32,7.79,17.95,82
08-09-2018,21.61,55.67,18.35,0.33,9.3,19.94,62
09-09-2018,34.85,91.9,24.19,0.42,8.8,23.55,79
10-09-2018,38.35,94.94,32.15,0.46,7.75,27.14,86
11-09-2018,33.85,66.55,38.45,0.57,6.42,25.02,79
12-09-2018,35.06,53.38,35.45,0.59,5.67,20.9,71
13-09-2018,41.83,77.55,36.44,0.6,6,21.97,78
14-09-2018,42.24,85.86,36.56,0.53,7.04,30.31,85
15-09-2018,43.69,89.53,36.45,0.51,6.77,27.22,92
16-09-2018,48.98,89.05,33.93,0.5,7.78,22.86,101
17-09-2018,35.58,61.65,22.67,0.41,8.41,24.49,85
18-09-2018,39.68,63.97,25.48,0.45,6.81,21.89,68
19-09-2018,38.6,84.63,31.56,0.45,6.9,21.57,79
20-09-2018,40.88,97.71,30.3,0.42,7.14,23.53,81
21-09-2018,37.91,78.9,27.55,0.38,8.39,21.72,91
22-09-2018,27.29,58.1,23.11,0.34,6.23,27.07,62
23-09-2018,32.25,62.49,27.46,0.44,6.13,28.19,65
24-09-2018,34.94,68.68,36.88,0.62,5.85,21.51,62
25-09-2018,41.46,86.95,38.18,0.66,6.42,20.19,84
26-09-2018,53.68,107.41,44.83,0.8,8.2,16.94,108
27-09-2018,43.09,78.57,36.52,0.54,6.93,24.45,95
28-09-2018,45.92,99.06,38.03,0.58,7.03,15.53,92
29-09-2018,55.39,107.62,38.38,0.64,7.08,17.26,100
30-09-2018,67.69,129.23,37.28,0.62,9.16,24.96,118
01-10-2018,63.16,122.8,38.16,0.5,7.78,23.41,128
02-10-2018,37.8,80.37,33.16,0.49,5.89,22.58,94
03-10-2018,36.5,79,32.41,0.45,5.74,23.91,72
04-10-2018,39.63,85.85,33.83,0.45,5.14,24.63,79
05-10-2018,39.8,103.38,34.47,0.43,6.26,29.57,84
06-10-2018,56.36,136.25,42.33,0.56,8.43,29.21,109
07-10-2018,65.91,139.95,39.75,0.5,6.99,29.27,124
08-10-2018,64.44,144.33,40.33,0.56,9.45,28.65,130
09-10-2018,60.07,146.71,46.53,0.54,17.26,23.73,124
10-10-2018,56.5,150.65,48.32,0.48,13.82,21.94,128
11-10-2018,52.63,148.36,43.03,0.46,14.89,25.52,120
12-10-2018,54.39,132.24,42.79,0.53,13.5,27.9,121
13-10-2018,58.56,130.27,46.54,0.64,10.8,21.39,118
14-10-2018,54.35,111.45,36.76,0.47,9.08,27.41,108
15-10-2018,58.24,107.55,35.21,0.53,9.14,28.29,100
16-10-2018,53.26,90.41,32.39,0.46,4.76,26.04,105
17-10-2018,41.03,53.89,34.67,0.58,4.21,19.11,83
18-10-2018,40.35,57.72,31.81,0.55,3.64,21.12,73
19-10-2018,43.99,80.57,37.92,0.52,3.92,24.15,74
20-10-2018,58.44,128.56,47.2,0.68,6.19,26.5,105
21-10-2018,61.34,131.27,44.57,0.61,5.23,26.96,119
22-10-2018,66.82,144.33,51.4,0.72,9.47,27.86,125
23-10-2018,67.12,139.91,45.12,0.67,6.04,30.64,133
24-10-2018,67.52,125.13,46.11,0.89,6.88,28.14,142
25-10-2018,60.72,124.74,45.35,0.61,8.39,28.84,128
26-10-2018,48.68,123.62,47.97,0.46,11.76,31.72,107
27-10-2018,57.44,145.22,60.75,0.68,16.45,27.8,117
28-10-2018,56.51,134.88,46.84,0.55,14.29,36.66,120
29-10-2018,56.02,130.4,46.3,0.5,19.41,41.62,110
30-10-2018,57.32,121.32,47.35,0.58,14.14,41.46,115
31-10-2018,56.98,120.91,47.69,0.56,14.98,34.51,117
01-11-2018,50.87,109.17,45.19,0.59,11.42,26.9,106
02-11-2018,34.07,76.12,37.54,0.56,6.15,19.95,86
03-11-2018,25.96,59.8,32.84,0.48,4.13,23.14,58
04-11-2018,24.88,48.95,30.95,0.51,3.89,25.91,55
05-11-2018,32.8,68.87,36.41,0.53,4.62,27.53,64
06-11-2018,44.66,94.97,39.76,0.58,5.76,31.15,80
07-11-2018,54.63,103.16,38.84,0.52,8.73,34.91,95
08-11-2018,59.82,109.93,35.89,0.55,7.39,41,107
09-11-2018,64.36,125.75,42.33,0.54,10.52,36.77,114
10-11-2018,69.5,136.07,44.02,0.58,16.11,42.35,129
11-11-2018,61.15,129.81,44.85,0.58,18.58,44,131
12-11-2018,62.68,148.54,50.55,0.58,27.46,43.16,127
13-11-2018,66.08,150.01,56.68,0.68,32.99,34.36,134
14-11-2018,67.28,159.01,60.17,0.76,28.68,35.17,139
15-11-2018,58.4,140.37,52.31,0.73,23.55,30.37,133
16-11-2018,46.2,115.57,45.12,0.61,14.26,25.38,118
17-11-2018,23.09,59.77,32.04,0.47,4.64,20.36,76
18-11-2018,19.06,50.4,29.19,0.43,4.63,18.99,57
19-11-2018,26.04,61.77,32.18,0.45,4.53,21.05,53
20-11-2018,52.12,112.36,43.52,0.58,9.77,29.47,86
21-11-2018,63.08,139.98,44.09,0.58,13.92,36.71,129
22-11-2018,66,137.89,46.07,0.6,9.72,34.42,131
23-11-2018,71.81,147.11,47.8,0.65,15.7,32.72,133
24-11-2018,72.98,155.13,53.95,0.72,15.99,36.63,148
25-11-2018,69.28,149.67,50.29,0.64,16.75,46.4,140
26-11-2018,63.01,150.75,53.44,0.67,18.36,44.11,135
27-11-2018,69.91,152.94,59.24,0.74,11.85,41.07,138
28-11-2018,73.48,155.16,59.43,0.77,8.85,43.73,142
29-11-2018,72.26,153.14,65.02,0.81,14.12,34.93,146
30-11-2018,67.69,145.96,56.72,0.67,20.32,40.48,139
01-12-2018,69.94,147.06,56.11,0.72,13.09,35.54,135
02-12-2018,71.17,145.82,52.98,0.74,9.29,34.25,137
03-12-2018,74.62,145.29,48.78,0.75,7.79,36.37,140
04-12-2018,77.72,147.65,47.55,0.76,8.53,37.26,154
05-12-2018,67.3,118.13,40.48,0.7,5.66,33.84,146
06-12-2018,62.87,111.3,41.39,0.74,4.21,29.75,123
07-12-2018,61.66,92.8,32.11,0.64,4.65,31.2,108
08-12-2018,76.14,122.93,34.16,0.71,4.23,36.84,132
09-12-2018,78.36,131.2,33.76,0.74,5.66,36.66,159
10-12-2018,77.94,132.25,30.74,0.63,5.63,36.29,161
11-12-2018,76.22,145.09,39.51,0.73,7.25,31.26,158
12-12-2018,74.78,134.84,36.07,0.68,5.85,36.7,153
13-12-2018,74.19,123.7,37.39,0.67,4.46,34.73,145
14-12-2018,74.48,119.8,41.82,0.8,6.86,24.87,144
15-12-2018,75.15,134.26,38.42,0.62,13.68,37.42,157
16-12-2018,76.15,149.24,39.24,0.61,16.29,49.21,151
17-12-2018,59.61,95.42,33.95,0.53,12.91,34.28,141
18-12-2018,22.35,34.08,29.09,0.4,9.12,20.98,67
19-12-2018,32.77,62.25,33.97,0.47,9.12,23.73,54
20-12-2018,44.72,93.15,43.69,0.67,11.57,22.1,76
21-12-2018,55.1,107.95,48.47,0.64,12.56,27.57,104
22-12-2018,72.66,139.71,52.59,0.67,10.82,36.75,127
23-12-2018,78.01,138.69,41.45,0.68,7.12,42.72,151
24-12-2018,76.81,154.46,44.67,0.68,10.6,34.26,159
25-12-2018,73.18,149.61,46.1,0.61,8.93,43.56,153
26-12-2018,67.91,119.15,36.25,0.69,6.85,39.08,136
27-12-2018,68.06,134.16,38.87,0.63,10.27,28.38,126
28-12-2018,64.1,138.43,44.84,0.62,16.12,36.78,131
29-12-2018,68.76,140.93,44.93,0.62,20.66,45.65,132
30-12-2018,71.7,142.41,45.42,0.67,17.59,44.23,139
31-12-2018,65.24,136.91,52.86,0.7,19.97,38.19,134
01-01-2019,66.79,143.42,63.82,0.94,22.51,31.99,132
02-01-2019,71.55,153.99,67.44,1.03,13.44,33.44,133
03-01-2019,69.7,146.69,67.01,0.97,13.01,32.47,141
04-01-2019,75.25,158.34,63.58,0.88,12.51,34.39,142
05-01-2019,73.03,140.13,50.4,0.78,8.17,40.43,148
06-01-2019,77.71,153.78,40.96,0.73,6.61,46.03,149
07-01-2019,76.5,157.71,49.16,0.76,9.93,40.13,155
08-01-2019,73.78,165.61,62.35,0.92,15.09,27.73,151
09-01-2019,74.7,164.93,71.55,0.94,24.2,28.57,146
10-01-2019,75.43,161.34,64,0.82,15.91,34.38,146
11-01-2019,75.77,143.85,47.6,0.74,6.42,39.24,153
12-01-2019,78.62,146,39.74,0.68,5.24,40.02,154
13-01-2019,72.03,120.93,37.2,0.62,4.84,40,154
14-01-2019,74.37,132.9,39.21,0.66,5.55,37.84,146
15-01-2019,75.13,145.13,42.04,0.75,10.91,35.6,147
16-01-2019,75.55,150.46,44.72,0.74,13.59,35.82,152
17-01-2019,73.51,156.89,57.06,0.83,9.96,30.21,150
18-01-2019,75.34,154.77,53.23,0.78,9.28,30.69,148
19-01-2019,78.12,159.37,51.49,0.72,11.05,31.88,153
20-01-2019,70,148.16,58.07,0.76,11.84,29.49,155
21-01-2019,66.4,129.97,46.24,0.68,6.44,33.19,132
22-01-2019,47.29,93.9,33.37,0.46,5.3,32.82,105
23-01-2019,60.93,106.81,37.74,0.53,4.71,33.93,105
24-01-2019,59.22,112.52,40.03,0.58,5.47,29.43,112
25-01-2019,36.51,80.89,29.33,0.46,4.8,26.51,96
26-01-2019,36.21,62.98,28.89,0.52,6.04,23.49,73
27-01-2019,51.29,74.22,32.05,0.55,9.21,13.14,72
28-01-2019,71.62,104.9,38.41,0.62,10.45,18.86,124
29-01-2019,64.42,114.66,39.62,0.54,12.83,29.15,136
30-01-2019,55.6,118.88,49.58,0.57,16.51,33.69,108
31-01-2019,63.8,121.95,51.35,0.66,9.26,29.69,114
01-02-2019,66.44,115.34,45.36,0.64,5.43,34.07,131
02-02-2019,62.22,117.17,47.27,0.64,6.77,29.72,118
03-02-2019,60.26,107.15,41.85,0.59,5.07,34.63,120
04-02-2019,63.75,115.35,42.48,0.64,5.28,38.6,110
05-02-2019,63.26,120.36,45.85,0.67,7.07,38.11,115
06-02-2019,68.06,130.57,45.84,0.71,6.27,34.76,130
07-02-2019,58.46,110.45,35.49,0.54,6.17,40.27,120
08-02-2019,58.24,133.58,48.41,0.64,10.22,29.95,114
09-02-2019,55.67,157.47,43.21,0.59,13.22,35.28,128
10-02-2019,58.82,162.47,39.43,0.54,28.83,34.46,130
11-02-2019,58.64,119.01,35.55,0.57,7.38,32.49,118
12-02-2019,64.14,119.19,46.13,0.63,5.18,30.71,122
13-02-2019,64.94,137.41,56.54,0.65,6,29.39,130
14-02-2019,62.79,128.51,47.79,0.68,4.32,35.52,127
15-02-2019,38.84,86.91,38.74,0.54,3.41,28.5,102
16-02-2019,48.34,103.18,46.78,0.64,8,28.7,91
17-02-2019,45.12,94.43,44.87,0.55,6.81,26.53,101
18-02-2019,65.14,136.33,51.92,0.73,9.02,34.67,109
19-02-2019,55.8,113.45,38.85,0.56,5.59,31.04,123
20-02-2019,35.07,79.95,31.3,0.47,3.81,22.5,87
21-02-2019,39.32,89.56,35.72,0.54,4.09,27.44,82
22-02-2019,44.63,107.69,43.43,0.64,5.25,29.65,94
23-02-2019,57.13,133.36,51.31,0.71,6.7,32.58,115
24-02-2019,46.64,104.32,39.75,0.57,5.81,33.16,114
25-02-2019,49.41,119.44,37.02,0.52,11.5,35.68,100
26-02-2019,54.83,136.81,46.58,0.58,11.07,28.01,117
27-02-2019,57.06,126.1,44.72,0.62,11.17,25.47,111
28-02-2019,50.34,127.96,37.89,0.52,9.8,29.24,112
01-03-2019,55.59,129.12,45.3,0.6,9.83,26.37,120
02-03-2019,33.05,72.5,30.47,0.44,3.78,23.5,85
03-03-2019,35.27,68.92,28.79,0.5,4.01,25.1,68
04-03-2019,40.97,95.61,34.92,0.6,8.92,33.65,80
05-03-2019,59.27,160.94,42.82,0.64,14.57,26.83,117
06-03-2019,62.5,160.54,51.51,0.74,20.09,32.22,136
07-03-2019,66.8,166.23,57.64,0.88,23.3,36.21,143
08-03-2019,66.34,154.68,45.68,0.67,13.99,32.16,143
09-03-2019,49.68,118.38,39.57,0.62,5.59,26.07,122
10-03-2019,45.2,108.68,32.1,0.44,4.96,26.28,102
11-03-2019,36.59,95.23,29.5,0.41,4.82,26.75,92
12-03-2019,40.84,105.87,30.23,0.41,5.24,29,97
13-03-2019,41.23,112.41,30.87,0.5,5.42,35.6,101
14-03-2019,41.63,110.33,34.6,0.44,7.95,32.13,101
15-03-2019,48.94,121.89,35.69,0.57,9.87,32.17,104
16-03-2019,39.06,110,31.2,0.71,5.68,33.27,101
17-03-2019,37.73,95.18,31.16,0.54,4.56,25.92,97
18-03-2019,39.82,102.44,36.09,0.57,7.62,30.19,93
19-03-2019,30.77,74.26,29.56,0.58,4.31,26.68,85
20-03-2019,41.63,94.54,30.7,0.58,4.37,27.83,86
21-03-2019,41.06,90.51,26.62,0.66,5.08,31.53,95
22-03-2019,36.35,86.97,28.41,0.59,7.76,30.83,87
23-03-2019,43.36,111.13,37.47,0.73,6.14,31.37,101
24-03-2019,50.52,118.89,36.62,0.69,7.32,34.52,111
25-03-2019,50.06,117.86,38.91,0.71,7.35,34.56,107
26-03-2019,51.5,123.44,40.1,0.74,7.21,31.57,113
27-03-2019,48.51,115.06,36.61,0.65,6.45,34.62,107
28-03-2019,55.2,136.99,40.49,0.74,9.55,36.1,114
29-03-2019,59.8,146.25,47.46,0.79,10.09,37.07,127
30-03-2019,59.21,140.7,37.75,0.81,7.18,41.34,132
31-03-2019,48.49,137.92,34.71,0.71,5.63,38.94,124
01-04-2019,37.8,115.93,36.39,0.56,7.18,36.69,106
02-04-2019,43.82,119.4,35.96,0.59,6.48,40.44,114
03-04-2019,45.6,116.3,34.95,0.67,5.57,36.41,106
04-04-2019,39.01,104.02,32.84,0.58,5.26,34.99,102
05-04-2019,31.28,84.24,27.38,0.46,7.11,53.76,93
06-04-2019,37.69,80.2,34.78,0.57,8.13,43.5,89
07-04-2019,33.48,79.56,25.54,0.48,5.59,41.68,78
08-04-2019,33.08,85.8,34.43,0.68,6.35,34.53,80
09-04-2019,40.63,99.2,41.49,0.75,8.36,29.18,91
10-04-2019,42.14,105.98,41.35,0.77,8.54,31.83,100
11-04-2019,31.45,73.52,29.76,0.51,8.56,32.91,87
12-04-2019,36.35,98.89,32.58,0.54,9.78,42.54,82
13-04-2019,32.69,82.36,40.08,0.63,7.85,46,91
14-04-2019,41,102.32,41.38,0.67,8.61,37.66,102
15-04-2019,37.57,97.74,35.15,0.54,6.78,39.51,95
16-04-2019,39.47,111.85,34.63,0.55,7.05,47,104
17-04-2019,33.26,87.34,28.9,0.5,5.59,40.01,91
18-04-2019,43.07,109.83,33.19,0.61,6.17,42.42,96
19-04-2019,30.74,67.2,30.7,0.51,2.86,42.07,94
20-04-2019,25.52,60.36,28.22,0.54,3.16,37.92,69
21-04-2019,24.77,59.67,25.56,0.5,3.73,39.44,69
22-04-2019,27.5,61.15,26.94,0.53,3.66,42.82,70
23-04-2019,34.65,83.12,38.86,0.77,6.3,45.19,96
24-04-2019,29.87,81.6,32.63,0.6,4.16,46.82,92
25-04-2019,36.16,98.68,34.65,0.65,4.87,49.41,102
26-04-2019,43.87,116.45,30.94,0.6,5.83,61.91,108
27-04-2019,51.92,134.45,37.2,0.71,6,54.12,124
28-04-2019,41.82,112.97,27.4,0.6,7.03,46.78,112
29-04-2019,39.66,98.53,26.75,0.63,6.19,48.48,103
30-04-2019,38.87,101.79,24.08,0.58,6.81,45.87,98
01-05-2019,36.43,111.66,24.25,0.56,5.57,40.78,96
02-05-2019,38.41,141.06,26.61,0.49,8.07,41.64,111
03-05-2019,36.05,146.83,23.87,0.43,9.12,47.23,119
04-05-2019,32.12,123.19,25.55,0.48,11.55,42.01,110
05-05-2019,36.53,126.81,32.84,0.53,12.2,36.18,106
06-05-2019,43.68,135.12,41.05,0.8,13.57,33.27,118
07-05-2019,52.95,152.18,54.4,1.08,12.38,33.49,130
08-05-2019,47.23,152.96,42.65,0.78,11.17,39.92,133
09-05-2019,46.82,139.1,40.85,0.76,11.69,35.35,132
10-05-2019,46.39,139.05,44.32,0.8,16.44,35.22,125
11-05-2019,48.29,136.64,27.81,0.72,9.88,47.78,121
12-05-2019,37.24,95.62,24.18,0.59,5.39,52.22,104
13-05-2019,41.34,108.46,26.81,0.62,6.61,52.29,109
14-05-2019,38.89,105.12,24.57,0.5,5.5,55.14,98
15-05-2019,42.5,110.8,28.26,0.63,5.83,45.58,110
16-05-2019,36.62,102.17,28.08,0.61,8.98,38.79,93
17-05-2019,43.35,123.1,25.97,0.59,7.43,42.46,109
18-05-2019,48.5,144.54,29.47,0.63,10.74,37.63,112
19-05-2019,55.84,158.9,39.35,0.84,13.51,40.31,134
20-05-2019,48.9,124.74,22.09,0.58,6.3,52.92,120
21-05-2019,43.6,114.83,20.39,0.5,5.97,53.16,111
22-05-2019,36.78,94.33,22.19,0.51,6.41,56.64,109
23-05-2019,44.73,111.01,21.49,0.53,5.38,53.87,104
24-05-2019,37.62,92.55,24.68,0.63,6.35,50.74,92
25-05-2019,46.56,128.82,33.57,0.68,7.62,41.11,112
26-05-2019,49.91,144.06,44.65,0.82,9.65,36.25,124
27-05-2019,41.93,124.03,32.43,0.56,7.74,38.17,114
28-05-2019,41.88,128.79,33.95,0.6,5.92,42.15,112
29-05-2019,52.22,148.7,41.52,0.79,7.43,47.71,124
30-05-2019,42.3,120.31,23.98,0.56,6.04,55.34,119
31-05-2019,39.47,107.63,24.28,0.59,4.32,48.05,105
01-06-2019,34.95,95.7,25.81,0.54,4.88,45.42,95
02-06-2019,44.33,127.37,30.78,0.66,5.89,42,111
03-06-2019,27.67,71.14,19.27,0.44,4.86,39.38,91
04-06-2019,24.01,54.95,23.84,0.42,4.5,49.99,75
05-06-2019,35.63,92.7,30.32,0.61,5.33,46.52,86
06-06-2019,35.67,104.77,23.98,0.43,4.84,52.02,103
07-06-2019,28.41,68.55,22.08,0.47,5.89,59.34,89
08-06-2019,32.08,65.33,30.99,0.69,5.04,50.4,78
09-06-2019,31.14,67.58,23.4,0.45,5.98,54.96,88
10-06-2019,23.71,54.49,20.71,0.43,6.06,54.44,75
11-06-2019,12.39,38.63,19.18,0.36,5.11,38.66,60
12-06-2019,8.7,31.33,15.47,0.32,5.25,34.8,48
13-06-2019,11.21,28.99,17.24,0.32,5.75,25.66,39
14-06-2019,15.94,40.79,14.46,0.32,4.75,25.63,40
15-06-2019,22.29,62.18,13.52,0.31,5.46,25.28,55
16-06-2019,19.58,61.02,9.26,0.29,4.29,25.32,57
17-06-2019,23.78,73.19,12.02,0.32,5.56,22.92,60
18-06-2019,22.29,62.52,10.98,0.32,4.82,25.52,60
19-06-2019,21.59,63.26,11.54,0.33,6.26,26.23,60
20-06-2019,18.96,56.2,11.05,0.32,6.32,27.66,54
21-06-2019,28.11,64.68,16.83,0.42,4.86,29.42,65
22-06-2019,24.75,40.82,15.01,0.36,4.34,33.89,60
23-06-2019,26.44,48.17,19.64,0.46,4.77,25.89,60
24-06-2019,25.45,48.67,19.86,0.48,5.04,31.78,62
25-06-2019,27,52.03,23.58,0.56,5.03,28.48,62
26-06-2019,18.07,38.92,13.79,0.29,4.29,25.99,60
27-06-2019,9.85,25.11,11.88,0.27,4.55,26.41,38
28-06-2019,9.89,21.02,9.71,0.34,3.51,24.92,35
29-06-2019,12.75,24.02,13.54,0.34,3.99,21.45,35
30-06-2019,18.55,35.16,16.94,0.34,5,24,39
01-07-2019,18.32,38.86,14.66,0.35,5.62,21.07,44
02-07-2019,17.75,29.98,14.34,0.36,3.99,17.96,36
03-07-2019,20.08,45.27,12.48,0.35,3.65,19.24,46
04-07-2019,17.71,38.88,13.84,0.36,4.07,18.73,49
05-07-2019,16.27,33.26,13.5,0.37,3.39,17.83,46
06-07-2019,15.95,38.56,8.82,0.39,3.28,19.48,42
07-07-2019,15.22,37.91,7.09,0.36,3.48,20.16,47
08-07-2019,16.51,44.22,10.33,0.34,4.35,16.37,36
09-07-2019,15.35,34.76,10.7,0.35,4.2,16.83,43
10-07-2019,12.67,31.67,9.99,0.33,4.32,16.24,36
11-07-2019,16.54,39.46,12.01,0.35,5.19,16.63,40
12-07-2019,18.41,39.59,15.07,0.42,8.4,16.69,45
13-07-2019,12.8,34.14,12.2,0.35,9.88,17.36,46
14-07-2019,14.43,42.52,14.78,0.39,4.59,16.68,36
15-07-2019,15.96,40.84,13.46,0.39,5.51,18.62,44
16-07-2019,24.07,72.98,15.32,0.43,10.41,18.08,60
17-07-2019,22.29,61.44,13.96,0.36,9.63,22.08,68
18-07-2019,26.43,83.02,14.91,0.41,9.44,25.61,70
19-07-2019,31.27,73.21,17.52,0.46,9.68,30.58,89
20-07-2019,20.12,38.84,13.94,0.43,5.41,30.44,64
21-07-2019,14.08,36.16,13.32,0.41,6.12,25.58,54
22-07-2019,12.01,37.69,15.41,0.46,5.78,21.49,48
23-07-2019,8.13,27.42,10.58,0.35,5.06,22.08,48
24-07-2019,10.24,33.46,11.32,0.37,6.43,21.22,47
25-07-2019,12.86,34.31,12.51,0.42,7.48,18.8,49
26-07-2019,14.72,37.9,14.61,0.38,9.89,15.66,50
27-07-2019,12.96,32.82,11.87,0.36,6.52,19.4,47
28-07-2019,13.46,32.98,11.57,0.36,4.07,19.12,47
29-07-2019,8.99,24.55,11.77,0.37,4.02,18.19,42
30-07-2019,8.48,16.54,12.12,0.3,6.56,17.98,35
31-07-2019,10.95,24.67,13.33,0.37,9.55,16.46,37
01-08-2019,10.31,22.89,14.94,0.42,6.72,14.78,41
02-08-2019,8.01,14.41,13.12,0.36,5.84,13.76,37
03-08-2019,6.75,12.53,11.92,0.33,4.24,14.61,39
04-08-2019,6.24,12.61,12.57,0.3,5.03,17.5,36
05-08-2019,7.95,16.23,12.93,0.33,5.9,17.12,37
06-08-2019,10.01,21.56,15.18,0.46,5.97,13.9,51
07-08-2019,9.72,20.37,16.76,0.38,5.86,12.08,46
08-08-2019,12.45,31.7,19.4,0.42,5.75,14.47,47
09-08-2019,12.46,36.39,13.58,0.36,10.95,18.47,46
10-08-2019,11.94,36.04,15.1,0.32,9.39,19.37,45
11-08-2019,17.37,49.51,16.94,0.37,11.43,18.34,50
12-08-2019,24.17,66.23,19.45,0.45,12.18,16.93,63
13-08-2019,29.79,83.11,29.89,0.42,9.62,13.8,72
14-08-2019,23.12,65.91,25.02,0.36,9.85,16.9,75
15-08-2019,19.11,52.66,21.68,0.31,13.65,15.36,58
16-08-2019,17.17,56.16,24.22,0.38,9.61,14.63,53
17-08-2019,23.03,78.62,24.44,0.38,8.87,17.03,69
18-08-2019,29.92,96.6,32.88,0.42,8.41,14.02,89
19-08-2019,25.94,75.83,30.57,0.37,8.72,15.29,85
20-08-2019,31.38,86.73,29.66,0.48,9,13.77,82
21-08-2019,27.23,79.58,23.96,0.53,11.3,15.79,75
22-08-2019,20.35,56.42,19.28,0.52,8.82,18.38,67
23-08-2019,23.71,61.82,16.82,0.43,11.22,18.8,65
24-08-2019,14.82,48.14,16.19,0.28,11.93,19.58,51
25-08-2019,14.89,36.89,17.27,0.37,7.35,20.59,51
26-08-2019,17.16,51.14,19.36,0.38,7.65,19.4,52
27-08-2019,18.86,65.41,15.9,0.38,7.78,22.29,65
28-08-2019,19.35,62.16,16.68,0.37,8.56,23.02,68
29-08-2019,16.92,53.81,17.85,0.42,5.76,17.91,65
30-08-2019,16.5,35.21,16.99,0.4,7.93,17.16,54
31-08-2019,13.98,26.77,15.96,0.38,6.72,13.47,41
01-09-2019,11.85,19.79,12.75,0.4,6.07,14.1,44
02-09-2019,15.72,31.72,11.79,0.38,8.25,14.05,38
03-09-2019,12.92,25.24,12.69,0.36,11.3,12.22,38
04-09-2019,12.2,22.06,12.34,0.38,7.72,13.7,35
05-09-2019,11.14,23.81,15.09,0.3,7.29,16.22,32
06-09-2019,11.92,26.23,12.37,0.28,7.28,14.98,34
07-09-2019,13.65,26.13,12.65,0.3,7.33,14.41,32
08-09-2019,10.31,23.28,11.43,0.31,6.93,17.15,33
09-09-2019,13.26,31.13,13.38,0.34,8.12,14.98,36
10-09-2019,14.98,39.67,13.26,0.31,6.41,16.46,39
11-09-2019,18.19,52.44,16.45,0.35,5.51,15.16,50
12-09-2019,21.73,54.59,14.72,0.31,10.14,14.9,57
13-09-2019,16.32,39.18,13.08,0.34,9.74,15.49,49
14-09-2019,18.39,43.73,15.41,0.36,9.21,16.87,48
15-09-2019,22.47,44.63,16.52,0.52,8.65,20.97,61
16-09-2019,28.23,63.7,15.93,0.38,10.36,17.92,65
17-09-2019,28.85,65.7,14.76,0.4,8.23,17.67,65
18-09-2019,25.01,47.59,22.53,0.51,5.48,25.02,65
19-09-2019,25.6,42.83,21.02,0.53,3.09,16.82,56
20-09-2019,20.54,35.92,21.37,0.48,4.86,16.03,53
21-09-2019,25.81,56.75,19.01,0.46,8.83,16.68,61
22-09-2019,27.01,56.52,22.14,0.48,2.91,19.56,61
23-09-2019,32.95,62.68,25.85,0.63,3.56,16.62,65
24-09-2019,28.07,45.66,25.87,0.5,2.65,18.13,60
25-09-2019,22.37,34.73,21.84,0.45,2.49,17.82,49
26-09-2019,20.4,37.11,15.21,0.44,3.49,16.42,53
27-09-2019,15.49,30.07,14.23,0.33,4.7,14.37,38
28-09-2019,25.85,47.6,15.5,0.4,4.62,17.95,44
29-09-2019,33.27,65.29,21.56,0.62,2.47,15.67,63
30-09-2019,41.11,65.51,28.89,0.82,3.01,13.19,75
01-10-2019,39.12,62.5,21.75,0.67,3.03,17.28,87
02-10-2019,31.98,69.4,21.43,0.53,3.8,19.45,72
03-10-2019,32.24,72.14,24.9,0.59,3.9,18.98,85
04-10-2019,34.73,70.39,24.27,0.65,10.07,20.09,81
05-10-2019,40.22,75.69,26.37,0.61,6.79,20.03,71
06-10-2019,42.99,65.7,26.42,0.62,5.33,20.61,82
07-10-2019,50.79,81.52,23.98,0.57,5.21,24.25,86
08-10-2019,56.9,83.53,21.05,0.57,3.4,23.99,95
09-10-2019,54.17,79.18,25.34,0.66,3.53,23.27,92
10-10-2019,39.07,64.26,32.44,0.63,3.94,19.34,80
11-10-2019,34.57,56.51,26.75,0.55,4.11,25.15,70
12-10-2019,34.91,61.3,27.6,0.56,3.6,24.66,67
13-10-2019,36.35,61.96,24.49,0.58,3.71,24.03,70
14-10-2019,53.22,94.89,24.54,0.56,5.04,21.06,88
15-10-2019,52.62,100.99,23.13,0.54,3.79,23.86,98
16-10-2019,59.41,104.37,28.52,0.67,2.95,25.33,98
17-10-2019,48.12,94.64,27.32,0.63,2.7,17.79,117
18-10-2019,24.3,52.38,20.85,0.5,2.71,18.67,64
19-10-2019,22.92,54.35,21.67,0.48,2.92,21.13,54
20-10-2019,28.04,51.18,23.54,0.62,2.68,18.41,63
21-10-2019,22.03,46.72,21.12,0.51,3.34,20.2,53
22-10-2019,41.03,71.08,27.1,0.65,3.63,14.93,71
23-10-2019,37.8,70.86,23.75,0.57,4.71,14.48,78
24-10-2019,22.53,43.48,19.81,0.6,8.3,12.59,72
25-10-2019,23.54,56.62,22.14,0.49,4.34,13.74,51
26-10-2019,18.81,42.64,18.42,0.44,2.59,15.61,52
27-10-2019,40.65,51.1,21.39,0.45,4.04,17.96,59
28-10-2019,64.09,94.5,24.01,0.59,5.25,20.95,126
29-10-2019,42.04,74.5,25.96,0.64,3.38,19.55,94
30-10-2019,40.41,72.97,26.24,0.98,2.96,19.73,82
31-10-2019,21.39,51.57,19.89,0.86,2.8,20.34,76
01-11-2019,22.51,54.11,20.95,0.46,3.41,19.96,54
02-11-2019,29.98,70,25.34,0.61,3.58,20.79,66
03-11-2019,37.22,84.04,22.49,0.59,5.34,23.74,84
04-11-2019,57.61,115.79,25.82,0.64,11.04,27.88,96
05-11-2019,84.85,157.6,36.15,0.75,13.54,28.26,155
06-11-2019,84,155.75,35.47,0.85,9.23,27.88,177
07-11-2019,70.7,125.56,27.89,0.65,6.2,31.05,155
08-11-2019,69.8,129.17,29.95,0.71,7.62,28.77,131
09-11-2019,81.35,146.94,29.9,0.67,9.4,32.63,156
10-11-2019,72.38,133.78,28.07,0.57,11.76,38.45,169
11-11-2019,60.06,122.21,30.62,0.64,6.83,27.21,122
12-11-2019,56.27,111.69,27.67,0.48,8.28,32.11,104
13-11-2019,62.64,120.38,32.29,0.55,7.01,34.16,123
14-11-2019,67.77,124.6,28.91,0.6,5.57,34.65,125
15-11-2019,69.15,130.32,34.06,0.67,6.04,30.76,127
16-11-2019,66.42,134.25,33.39,0.67,6.42,30.5,141
17-11-2019,70.79,135.59,30.37,0.66,11.76,34.73,131
18-11-2019,76.03,153.76,35.4,0.71,13.24,41.27,145
19-11-2019,82.72,159.66,32.85,0.68,9.84,44.86,165
20-11-2019,84.11,153.06,38.32,0.69,6.29,35.3,181
21-11-2019,78.63,137.03,38.44,0.7,4.59,30.22,161
22-11-2019,76.7,143.27,40.26,0.76,5.68,29.72,161
23-11-2019,75.82,146.29,42.14,0.77,9.06,26.43,159
24-11-2019,80.31,147.9,38.39,0.79,6.99,30.62,156
25-11-2019,86.18,152.32,35.5,0.72,7.34,32.54,163
26-11-2019,80.88,147.41,31.01,0.7,6.09,32.79,176
27-11-2019,71.3,141.73,38.76,0.85,5.83,28.08,154
28-11-2019,74.49,141.9,49.64,0.88,7.11,27.41,146
29-11-2019,62.42,117.76,44.76,0.79,5.44,28.58,129
30-11-2019,63.81,129.5,40.93,0.79,5.9,24.91,127
01-12-2019,61.97,115.41,32.04,0.7,5.92,23.4,127
02-12-2019,45.57,78.45,26.88,0.61,5.01,22.17,92
03-12-2019,47.66,80.56,36.08,0.75,5.45,20.1,75
04-12-2019,79.37,134.99,38.31,0.81,5.55,30.71,144
05-12-2019,82.44,152.49,47.96,0.92,8.32,27.09,172
06-12-2019,85.82,164.16,46.9,0.86,8.61,30.81,178
07-12-2019,83.29,152.67,49.14,0.82,6.63,33.25,186
08-12-2019,67.07,126.99,42.75,0.83,5.88,27.28,156
09-12-2019,57.77,111.21,41.58,0.89,5.62,24.99,119
10-12-2019,58.14,116.77,43.91,0.86,6.12,24.18,117
11-12-2019,64.73,122.45,45.83,0.92,5.73,26.62,125
12-12-2019,55.77,109.27,44.15,0.78,5.58,23.84,125
13-12-2019,31.86,69.75,32.41,0.61,5.87,26.76,85
14-12-2019,40.8,83.56,35.37,0.67,5.14,26.37,78
15-12-2019,43.43,78.64,31.45,0.66,4.87,27.3,87
16-12-2019,50.84,100.38,39.89,0.75,5.05,25.47,96
17-12-2019,69.16,129.71,45.94,0.84,6.06,24.37,120
18-12-2019,75.72,146.93,48.4,0.91,6.88,24.3,150
19-12-2019,75.66,147.41,45.84,0.92,5.69,25.57,147
20-12-2019,78.86,152.23,52.39,1,8.96,25.49,151
21-12-2019,82.1,156.27,45.79,0.84,7.61,31.18,172
22-12-2019,77.15,141.72,41.34,0.66,6.27,28.57,166
23-12-2019,74.42,132.56,41.57,0.73,5.84,30.37,157
24-12-2019,62.38,109.07,34.51,0.63,5.24,32.49,130
25-12-2019,72.06,123.2,33,0.74,4.73,34.33,131
26-12-2019,62.79,114.8,33.93,0.75,5.43,29.67,128
27-12-2019,56.3,119.06,36.66,0.73,6.89,26.83,119
28-12-2019,73.73,141.13,39.62,0.72,14.5,31.39,130
29-12-2019,80.23,149.05,44.53,0.79,10.51,32.58,158
30-12-2019,72.02,127.34,36.32,0.81,6.71,36.01,143
31-12-2019,47.37,82.17,30.94,0.68,5.25,30.96,107
01-01-2020,41.19,69.42,25.88,0.65,4.18,28.71,82
02-01-2020,30.8,56,27.43,0.61,3.83,22.23,64
03-01-2020,33.09,57.88,25.24,0.57,5.53,22.63,64
04-01-2020,57.96,106.32,29.78,0.7,6.3,27.61,87
05-01-2020,64.52,113.98,34.05,0.57,17.49,29.06,112
06-01-2020,56.86,101.12,36.85,0.75,11.39,26.58,125
07-01-2020,51.1,89.73,30.38,0.6,5.24,27.64,93
08-01-2020,40.04,74.46,25.03,0.45,6.19,26.31,82
09-01-2020,46.45,88.34,29.5,0.52,6.66,20.13,84
10-01-2020,74.35,129.65,29.58,0.52,8.8,30.67,123
11-01-2020,74.55,141.86,41.69,0.62,13.04,29.76,149
12-01-2020,67.37,137.74,42.49,0.57,14.43,29.52,140
13-01-2020,65.69,135.4,46.15,0.61,11.57,32.27,128
14-01-2020,72.24,139.44,40.97,0.63,5.04,41.27,134
15-01-2020,50.23,86.93,25.29,0.42,4.35,36.53,119
16-01-2020,35.28,65.41,22.05,0.38,5.35,33.42,76
17-01-2020,31.16,63.66,27.84,0.44,5.87,25.51,66
18-01-2020,35.01,74.36,29.5,0.48,5.17,25.43,69
19-01-2020,34.14,71.2,27.74,0.43,4.3,25.09,74
20-01-2020,39.98,83.38,30.46,0.47,4.75,25.95,77
21-01-2020,37.27,89.76,32.37,0.46,5.1,28.47,84
22-01-2020,38.79,85.47,31.8,0.48,5.74,27.79,84
23-01-2020,56.38,115.76,43.87,0.62,6.51,23.8,106
24-01-2020,63.09,128.53,49.49,0.66,7.58,21.9,125
25-01-2020,67.01,141.41,47.05,0.7,9.29,24.01,133
26-01-2020,62.52,138.48,43,0.63,8.08,26.27,131
27-01-2020,57.99,119.51,38.53,0.56,7.35,29.09,128
28-01-2020,51.37,105.71,29.77,0.45,9.14,36.31,107
29-01-2020,58.15,132.5,38.77,0.56,12.66,27.33,128
30-01-2020,68.2,149.58,36.66,0.57,12.68,32.23,126
31-01-2020,59.22,131.21,38.18,0.47,8.72,33.28,141
01-02-2020,38.88,83.63,40.69,0.4,5.26,23.6,99
02-02-2020,40.2,86.11,29.28,0.45,4.62,22.37,77
03-02-2020,36.94,79.23,30.21,0.42,4.14,19.82,76
04-02-2020,27.77,68.94,31.23,0.42,6.01,22.31,71
05-02-2020,32.73,79.91,34.88,0.44,4.73,20.87,70
06-02-2020,30.56,83.58,41.17,0.4,4.98,22.55,80
07-02-2020,32.21,85.67,28.37,0.39,4.61,28.54,80
08-02-2020,38.5,82.42,28.55,0.45,4.7,22.27,79
09-02-2020,41.49,67.47,27.11,0.49,5.98,17.12,82
10-02-2020,39.28,71.1,29.29,0.48,4.23,24.04,68
11-02-2020,42.7,80,29.93,0.49,4.72,30.41,75
12-02-2020,56.38,105.86,36.64,0.6,5.87,27.5,94
13-02-2020,61.85,130.5,43.3,0.6,9.22,28.73,122
14-02-2020,74.29,149.4,60.15,0.85,19.3,25.32,146
15-02-2020,66.96,142.86,57.58,0.8,13.19,27.56,154
16-02-2020,65.61,134.24,43.19,0.56,11.81,34.95,140
17-02-2020,59.75,138.05,44.99,0.63,10.93,29.88,126
18-02-2020,45.93,120.32,47.25,0.57,14.12,29.11,116
19-02-2020,49.6,116.05,44.57,0.58,8.36,32.27,112
20-02-2020,45.57,94.57,27.45,0.41,5.78,31.14,97
21-02-2020,35.27,76.37,22.96,0.35,6.09,32.66,86
22-02-2020,28.81,77.15,27.78,0.37,5.72,28.48,72
23-02-2020,25.6,64.14,24.85,0.39,5.8,29.68,68
24-02-2020,32.51,77.92,27.31,0.46,4.77,32.78,70
25-02-2020,42.14,107.78,28.15,0.46,8.89,31.4,86
26-02-2020,55.84,134.28,34.26,0.51,12.79,34.42,112
27-02-2020,38.49,108.25,33.43,0.41,10.07,36.84,108
28-02-2020,40.35,103.27,29.75,0.43,6.6,35.27,97
29-02-2020,42.44,94.49,25.56,0.51,4.91,33.3,91
01-03-2020,43.21,93.93,27.41,0.58,4.72,33.69,92
02-03-2020,48.6,98.66,31.95,0.59,5.26,29.23,95
03-03-2020,49.59,101.91,27.73,0.52,5.34,29.24,97
04-03-2020,46.51,109.13,29.56,0.52,8.82,26.06,106
05-03-2020,57.23,135.4,37.61,0.64,11.83,29.33,113
06-03-2020,33.87,85.6,23.4,0.44,5.21,21.86,100
07-03-2020,38.58,92.91,25.4,0.46,4.76,23.93,85
08-03-2020,33.94,68.49,22.05,0.46,4.69,23.97,77
09-03-2020,32.84,75.09,22.79,0.5,4.82,18.94,70
10-03-2020,25.67,60.08,21.21,0.44,4.35,21.56,65
11-03-2020,29.93,75.82,26.85,0.48,5.01,21.78,62
12-03-2020,31.53,86.96,30.61,0.58,5.55,21.14,78
13-03-2020,27.51,78.19,25.71,0.46,4.96,20.64,79
14-03-2020,33.45,83.27,28.19,0.53,6.01,20.47,75
15-03-2020,32.03,81.84,27.55,0.49,5.37,22.61,82
16-03-2020,27.86,68.18,28.5,0.53,4.57,19.88,71
17-03-2020,25.08,69.94,29.65,0.47,3.98,20.94,67
18-03-2020,26.32,68.45,31.53,0.51,5.34,20.74,67
19-03-2020,43.39,97.86,33.52,0.68,7.02,24.86,87
20-03-2020,33.71,72.83,25.04,0.52,5.39,29.44,79
21-03-2020,39.85,103.66,24.68,0.57,7.04,28.78,84
22-03-2020,38,85.6,20.45,0.49,6.38,26.93,102
23-03-2020,37.97,72.32,14.21,0.46,5.41,28.82,73
24-03-2020,28.75,59.24,12.33,0.4,6.67,28.26,66
25-03-2020,28.47,59.28,12.7,0.4,6.22,28.67,60
26-03-2020,29,60.99,12.23,0.37,5.14,29.13,59
27-03-2020,34.09,67.6,12.16,0.36,5.3,33.42,65
28-03-2020,36.17,67.08,11.67,0.39,6.39,36.97,70
29-03-2020,42.07,75.41,19.37,0.47,4.71,36.94,75
30-03-2020,34.79,65.96,19.35,0.41,7.11,36.78,72
31-03-2020,42.42,72.92,19.9,0.49,7.31,37.4,68
01-04-2020,47.96,83.65,19.98,0.65,6.64,35.46,87
02-04-2020,48.05,80.7,19.75,0.55,6.67,33.65,88
03-04-2020,38.13,69.42,18.95,0.51,9.04,31.37,73
04-04-2020,37.34,72.16,21.26,0.5,8.46,26.57,67
05-04-2020,30.18,57.17,16.71,0.44,8.36,27.81,66
06-04-2020,27.87,64.99,18.52,0.66,8.47,25.48,64
07-04-2020,19.76,39.6,22.67,0.8,8.49,34.09,77
08-04-2020,19.94,43.45,20.46,0.41,11.06,36.03,56
09-04-2020,29.36,61.5,25.74,0.51,9.14,29.65,59
10-04-2020,18.95,36.93,31.96,0.52,6.51,28.05,62
11-04-2020,23.99,43.01,27.24,0.38,6.21,23.3,55
12-04-2020,33.4,59.02,21.68,0.4,4.25,24.1,61
13-04-2020,35.21,66.35,18.03,0.41,3.48,29.34,68
14-04-2020,38.07,78.8,19.72,0.38,4.27,33.8,74
15-04-2020,33.99,68.75,18.3,0.41,4.36,34.56,74
16-04-2020,37.13,68.87,18.82,0.49,4.19,33.93,70
17-04-2020,38.44,75.93,21.35,0.51,5.07,29.02,74
18-04-2020,35.67,63.08,25.01,0.5,4.46,24.66,75
19-04-2020,30.21,61.21,24.42,0.38,5.75,24.31,67
20-04-2020,26.47,57.08,25.39,0.38,6.01,21.8,58
21-04-2020,22.83,42.44,29.99,0.5,6.64,20.2,54
22-04-2020,25.12,46.3,26.18,0.39,4.56,23.58,50
23-04-2020,27.57,62.7,24.7,0.45,4.88,23.42,53
24-04-2020,28.99,54.72,22.09,0.44,4.43,23.95,63
25-04-2020,31.76,72.38,24.4,0.46,5.65,24.59,62
26-04-2020,29.9,59.77,20.64,0.42,4.27,25.52,71
27-04-2020,23.51,56.45,21.98,0.44,3.83,26.87,56
28-04-2020,23.36,53.68,19.73,0.39,3.72,23.68,56
29-04-2020,16.03,37.73,22.21,0.41,3.67,29.77,51
30-04-2020,21.12,54.39,24.27,0.6,4.03,32.53,59
01-05-2020,22.69,53.46,22.43,0.64,4.27,27.21,67
02-05-2020,24.62,51.4,25.22,0.54,5.59,30.87,54
03-05-2020,33.03,80.72,26.32,0.49,5.04,30.42,70
04-05-2020,28.18,69.69,22.57,0.48,4.59,32.53,77
05-05-2020,31.36,75.39,24.86,0.45,4.17,32.74,71
06-05-2020,25.18,59.71,21.51,0.52,4.45,31.28,73
07-05-2020,26.84,58.71,21.67,0.41,4.3,26.6,59
08-05-2020,27.46,66.53,22.97,0.45,4.84,29.18,65
09-05-2020,29.56,61.16,21.1,0.37,5.41,31.69,69
10-05-2020,28.15,47.77,26.08,0.43,5.02,26.82,65
11-05-2020,38.65,82.55,30.29,0.53,7.01,27.77,83
12-05-2020,32.09,62.6,27.82,0.47,6.05,24.41,74
13-05-2020,24.1,54.77,24.07,0.38,4.61,25.87,64
14-05-2020,25.06,53.65,21.85,0.35,5.29,25.8,60
15-05-2020,24.12,56.89,23.33,0.34,5.38,27.84,60
16-05-2020,27.65,61.38,26.37,0.46,6.32,30.88,67
17-05-2020,32.47,72.72,28.5,0.49,5.87,31.95,70
18-05-2020,31.05,71.9,27.66,0.43,7.55,35.11,72
19-05-2020,42.41,122.45,30.17,0.52,9.4,33.8,93
20-05-2020,36.62,134.25,31.45,0.44,10.5,29.47,106
21-05-2020,31.59,118.03,33.69,0.43,11.4,32.1,109
22-05-2020,39.91,137.19,38.9,0.68,8.55,28.72,114
23-05-2020,44.09,147.59,35.83,0.62,8.65,35.2,122
24-05-2020,41.03,124.09,26.38,0.52,6.61,43.37,116
25-05-2020,33.07,97.27,22.72,0.44,5.94,38.23,102
26-05-2020,32.51,85.85,23.19,0.45,6.32,37.5,89
27-05-2020,28.66,90.2,24.26,0.44,5.46,40.38,87
28-05-2020,26.7,96.67,26.37,0.41,5.65,32.09,86
29-05-2020,21.07,79.56,24.05,0.34,6.1,30.78,84
30-05-2020,18.56,60.6,23.9,0.33,5.49,32.56,65
31-05-2020,25.17,60.07,27.75,0.43,4.66,25.41,67
01-06-2020,30,54.63,30.48,0.42,5.23,30.2,55
02-06-2020,16.47,31.29,23.75,0.33,4.36,29.86,79
03-06-2020,11.74,24.32,20.72,0.34,5.12,18.84,38
04-06-2020,13.93,28.72,18.89,0.3,5.56,21.39,33
05-06-2020,19.57,52.74,22.78,0.3,6.89,20.05,38
06-06-2020,23.02,74.58,20.88,0.29,10.04,17.59,58
07-06-2020,19.49,59.86,18,0.3,9.34,17.98,64
08-06-2020,20.2,68.79,19.5,0.32,9.69,16.57,54
09-06-2020,17.96,56.02,19.43,0.31,9.15,20.04,57
10-06-2020,20.26,42.43,21.57,0.28,5.72,17.59,48
11-06-2020,19.96,45.14,23.97,0.27,6.7,13.48,42
12-06-2020,17.19,35.96,21.01,0.28,6.02,15.47,42
13-06-2020,9.87,23.48,19.35,0.29,5.32,16.2,38
14-06-2020,9.8,22.79,19.97,0.26,6.34,17.74,32
15-06-2020,13.53,31.78,19.95,0.31,6.19,15.24,33
16-06-2020,10.31,20.76,17.7,0.31,5.28,13.05,31
17-06-2020,10.31,20.97,18.86,0.28,5.7,14.37,29
18-06-2020,14.04,33.09,18.92,0.26,5.94,13.99,30
19-06-2020,20.19,55.14,20.73,0.27,7.96,12.04,37
20-06-2020,22.5,63.77,19.96,0.26,7.71,13.86,52
21-06-2020,24,72.01,21.8,0.25,8.15,14.47,56
22-06-2020,22.91,68.3,21.71,0.26,7.86,15.94,60
23-06-2020,22.36,56.6,22.45,0.32,6.56,16.49,51
24-06-2020,21.25,45.4,24.72,0.36,5.26,20.81,51
25-06-2020,22.41,46.29,25.42,0.35,5.16,23.48,52
26-06-2020,27.05,54.96,21.78,0.34,5.03,24.41,52
27-06-2020,23.29,44.2,22.64,0.36,5.39,24.22,58
28-06-2020,15.8,32.18,22.73,0.36,6.36,22.25,49
29-06-2020,20.24,44.74,27.59,0.38,6.29,19.98,47
30-06-2020,19.38,41.95,24.58,0.39,5.3,17.4,46
01-07-2020,26.83,66.5,27.18,0.43,6.07,13.2,48
